{
	"name": "Picturefill",
	"title": "Picturefill",
	"description": "A Polyfill for the HTML Picture Element (http://picture.responsiveimages.org/) that you can use today.",
	"version": "2.3.1",
	"homepage": "http://scottjehl.github.io/picturefill",
	"author": {
		"name": "https://github.com/scottjehl/picturefill/blob/master/Authors.txt",
		"url": "https://github.com/scottjehl/picturefill"
	},
	"repository": {
		"type": "git",
		"url": "https://github.com/scottjehl/picturefill.git"
	},
	"bugs": "https://github.com/scottjehl/picturefill/issues",
	"licenses": [
		{
			"type": "MIT",
			"url": "https://github.com/scottjehl/picturefill/blob/master/LICENSE"
		}
	]
}
